{
  "name": "t-autosuggest",
  
  "description": "",
  "main": "",
  "moduleType": [],
 
  "dependencies": {
    "iron-dropdown": "PolymerElements/iron-dropdown#^1.0.5",
    "iron-icons": "PolymerElements/iron-icons#^1.0.3",
    "iron-input": "PolymerElements/iron-input#^1.0.6",
    "paper-material": "PolymerElements/paper-material#^1.0.2",
   
  
    "polymer": "Polymer/polymer#^1.7.1"
  },
  "devDependencies": {
    "web-component-tester": "*",
    "webcomponentsjs": "^0.7.14",
    "iron-component-page": "PolymerElements/iron-component-page#^1.0.6"
  },
