{
    "name": "Autosuggest",
    "properties": [{
        "name": "Data",
        "fields": {
            "label": {
                "name": "Label",
                "type": "string",
                "value": "Untitled Autosuggest"
            },
            "dataUrl": {
                "name": "Autosuggest Api",
                "type": "string",
                "value": "http://www.mocky.io/v2/576ce59b1000002d025fdbfb/"
            },
            "tokenParam": {
                "name": "Token parameter",
                "type": "string",
                "value": "formattedAddress"
            },
            "queryParams": {
                "name": "Query Parameters",
                "type": "string",
                "value": ""
            }
        }
    }, {
        "name": "Properties",
        "fields": {
            "required": {
                "name": "Mandatory Field",
                "type": "Boolean",
                "value": true
            }
        }
    }]
}
