{
  "name": "paper-spinner",
  "version": "1.2.1",
  "description": "A material design spinner",
  "authors": [
    "The Polymer Authors"
  ],
  "keywords": [
    "web-components",
    "polymer",
    "spinner",
    "loading"
  ],
  "private": true,
  "repository": {
    "type": "git",
    "url": "git://github.com/PolymerElements/paper-spinner"
  },
  "license": "http://polymer.github.io/LICENSE.txt",
  "homepage": "https://github.com/PolymerElements/paper-spinner",
  "ignore": [],
  "dependencies": {
    "iron-flex-layout": "PolymerElements/iron-flex-layout#^1.0.0",
    "paper-styles": "PolymerElements/paper-styles#^1.0.0",
    "polymer": "Polymer/polymer#^1.1.0"
  },
  "devDependencies": {
    "iron-component-page": "PolymerElements/iron-component-page#^1.0.0",
    "iron-demo-helpers": "PolymerElements/iron-demo-helpers#^1.0.0",
    "test-fixture": "PolymerElements/test-fixture#^1.0.0",
    "web-component-tester": "^4.0.0",
    "webcomponentsjs": "webcomponents/webcomponentsjs#^0.7.0"
  },
  "main": [
    "paper-spinner.html",
    "paper-spinner-lite.html"
  ],
  "_release": "1.2.1",
  "_resolution": {
    "type": "version",
    "tag": "v1.2.1",
    "commit": "b858c85867bb6e2f9fa00ab335ea9ee496fa14b8"
  },
  "_source": "https://github.com/PolymerElements/paper-spinner.git",
  "_target": "^1.2.1",
  "_originalSource": "PolymerElements/paper-spinner"
}